sku,brand,category,name,previous_price,sale_price,promo,case_qty
MMM30662,3M,Abrasives & Sanding,3M Trizact Hookit Foam Disc P5000 6in,159.99,109.99,,4
MMM30671,3M,Abrasives & Sanding,3M Hookit Purple Finishing Disc 6in P600,79.99,64.99,,
MMM30766,3M,Abrasives & Sanding,3M Hookit Purple Finishing Disc 6in P2000,106.99,69.99,,4
MMM30767,3M,Abrasives & Sanding,3M Hookit Purple Finishing Disc 6in P1500,106.99,69.99,,4
MMM02021,3M,Abrasives & Sanding,3M Wetordry Abrasive Sheet P1000,85.99,64.99,,5
MMM02022,3M,Abrasives & Sanding,3M Wetordry Abrasive Sheet P1200,74.99,64.99,,5
MMM02023,3M,Abrasives & Sanding,3M Wetordry Abrasive Sheet P1500,74.99,64.99,,5
MMM02035,3M,Abrasives & Sanding,3M Wetordry Abrasive Sheet P800,85.99,69.99,,5
MMM02036,3M,Abrasives & Sanding,3M Wetordry Abrasive Sheet P600,85.99,69.99,,5
MMM02038,3M,Abrasives & Sanding,3M Wetordry Abrasive Sheet P400,85.99,69.99,,5
MMM02044,3M,Abrasives & Sanding,3M Wetordry Abrasive Sheet P2000,85.99,64.99,,5
MMM02045,3M,Abrasives & Sanding,3M Wetordry Abrasive Sheet P2500,85.99,64.99,,5
MMM02085,3M,Abrasives & Sanding,3M 6in Trizact Hookit Foam Disc P3000,180.99,139.99,,4
MMM02087,3M,Abrasives & Sanding,3M 3in Trizact Hookit Foam Disc P3000,91.99,74.99,,6
MMM30362,3M,Abrasives & Sanding,3M Trizact Hookit Foam Disc P5000 3in,69.99,59.99,,4
MMM30366,3M,Abrasives & Sanding,3M Hookit Purple Finishing Film Disc 3in P2000,69.99,49.99,,4
MMM30367,3M,Abrasives & Sanding,3M Hookit Purple Finishing Film Disc 3in P1500,69.99,49.99,,4
MMM30666,3M,Abrasives & Sanding,3M Hookit Purple Finishing Film Disc 6in P2000,79.99,64.99,,4
MMM30667,3M,Abrasives & Sanding,3M Hookit Purple Finishing Film Disc 6in P1500,79.99,64.99,,4
MMM30668,3M,Abrasives & Sanding,3M Hookit Purple Finishing Film Disc 6in P1200,79.99,64.99,,4
MMM30669,3M,Abrasives & Sanding,3M Hookit Purple Finishing Film Disc 6in P1000,79.99,64.99,,4
MMM30670,3M,Abrasives & Sanding,3M Hookit Purple Finishing Disc 6in P800,79.99,64.99,,
MMM30804,3M,Abrasives & Sanding,3M Hookit Trizact Foam Abrasive Disc P8000 3in,74.99,59.99,,4
MMM30806,3M,Abrasives & Sanding,3M Hookit Trizact Foam Abrasive Disc P8000 6in,180.99,139.99,,4
MMM31370,3M,Abrasives & Sanding,3M Cubitron II Hookit Abrasive Disc P40 6in,95.99,79.99,,4
MMM31371,3M,Abrasives & Sanding,3M Cubitron II Hookit Abrasive Disc P80 6in,79.99,59.99,,4
MMM31372,3M,Abrasives & Sanding,3M Cubitron II Hookit Abrasive Disc P120 6in,79.99,59.99,,4
MMM31373,3M,Abrasives & Sanding,3M Cubitron II Hookit Abrasive Disc P150 6in,79.99,59.99,,4
MMM31374,3M,Abrasives & Sanding,3M Cubitron II Hookit Abrasive Disc P180 6in,79.99,59.99,,4
MMM31481,3M,Abrasives & Sanding,3M Cubitron II Hookit Abrasive Disc P220 6in,79.99,59.99,,4
MMM31482,3M,Abrasives & Sanding,3M Cubitron II Hookit Abrasive Disc P240 6in,79.99,59.99,,4
MMM31483,3M,Abrasives & Sanding,3M Cubitron II Hookit Abrasive Disc P320 6in,79.99,59.99,,4
MMM31484,3M,Abrasives & Sanding,3M Cubitron II Hookit Abrasive Disc P400 6in,79.99,59.99,,4
MMM31485,3M,Abrasives & Sanding,3M Hookit Purple Clean Disc P500 (01810),79.99,59.99,,4
MMM31486,3M,Abrasives & Sanding,3M Hookit Purple Finishing Film Disc 6in P600 (30761),79.99,59.99,,4
MMM31487,3M,Abrasives & Sanding,3M Hookit Purple Finishing Film Disc 6in P800 (30760),79.99,59.99,,4
MMM31491,3M,Abrasives & Sanding,3M Cubitron II Hookit Abrasive Disc P1000 6in,95.99,69.99,,4
MMM33377,3M,Abrasives & Sanding,3M Cubitron II Roloc Fibre Disc P36 2in,63.99,39.99,,6
MMM33379,3M,Abrasives & Sanding,3M Cubitron II Roloc Fibre Disc P60 2in,53.99,39.99,,6
MMM33380,3M,Abrasives & Sanding,3M Cubitron II Roloc Fibre Disc P80 2in,53.99,39.99,,6
MMM33389,3M,Abrasives & Sanding,3M Cubitron II Roloc Fibre Disc P36 3in,63.99,39.99,,6
MMM33391,3M,Abrasives & Sanding,3M Cubitron II Roloc Fibre Disc P60 3in,67.99,39.99,,6
MMM33392,3M,Abrasives & Sanding,3M Cubitron II Roloc Fibre Disc P80 3in,67.99,39.99,,6
MMM33437,3M,Abrasives & Sanding,3M Cubitron II File Belt P36 3/8in,42.99,31.99,,5
MMM33439,3M,Abrasives & Sanding,3M Cubitron II File Belt P60 3/8in,42.99,31.99,,5
MMM33440,3M,Abrasives & Sanding,3M Cubitron II File Belt P80 3/8in,42.99,31.99,,5
MMM33443,3M,Abrasives & Sanding,3M Cubitron II File Belt P36 1/2in,47.99,31.99,,5
MMM33445,3M,Abrasives & Sanding,3M Cubitron II File Belt P60 1/2in,47.99,31.99,,5
MMM33446,3M,Abrasives & Sanding,3M Cubitron II File Belt P80 1/2in,47.99,31.99,,5
MMM33457,3M,Abrasives & Sanding,3M Cubitron II Cut-Off Wheel 3 x 1/16 x 3/8in (33455),69.99,49.99,,6
MMM33458,3M,Abrasives & Sanding,3M Cubitron II Cut-Off Wheel 3 x 1/25 x 1/8in (33456),69.99,49.99,,6
MMM33531,3M,Abrasives & Sanding,"3M Hookit Flexible Foam Abrasive Sheet P400, 5.5in x 6.8in",26.99,19.99,,6
MMM33532,3M,Abrasives & Sanding,3M Hookit Flexible Foam Abrasive Sheet P600 5.5in x 6.8in,26.99,19.99,,6
MMM33533,3M,Abrasives & Sanding,3M Hookit Flexible Foam Abrasive Sheet P800 5.5in x 6.8in,26.99,19.99,,6
MMM33534,3M,Abrasives & Sanding,3M Hookit Flexible Foam Abrasive Sheet P1000 5.5in x 6.8in,26.99,19.99,,6
MMM33535,3M,Abrasives & Sanding,3M Hookit Flexible Foam Abrasive Sheet P1200 5.5in x 6.8in,26.99,19.99,,6
MMM33536,3M,Abrasives & Sanding,3M Hookit Flexible Foam Abrasive Sheet P1500 5.5in x 6.8in,26.99,19.99,,6
MMM33537,3M,Abrasives & Sanding,3M Hookit Flexible Foam Abrasive Sheet P2000 5.5in x 6.8in,26.99,19.99,,6
MMM33538,3M,Abrasives & Sanding,3M Hookit Flexible Foam Abrasive Disc P400 6in 80pk,52.99,39.99,,4
MMM33539,3M,Abrasives & Sanding,3M Hookit Flexible Foam Abrasive Disc P600 6in 80pk,52.99,39.99,,4
MMM33540,3M,Abrasives & Sanding,3M Hookit Flexible Foam Abrasive Disc P800 6in 80pk,52.99,39.99,,4
MMM33541,3M,Abrasives & Sanding,3M Hookit Flexible Foam Abrasive Disc P1000 6in 80pk,52.99,39.99,,4
MMM33542,3M,Abrasives & Sanding,3M Hookit Flexible Foam Abrasive Disc P1200 6in 80pk,52.99,39.99,,4
MMM33543,3M,Abrasives & Sanding,3M Hookit Flexible Foam Abrasive Disc P1500 6in 80pk,52.99,39.99,,4
MMM33544,3M,Abrasives & Sanding,3M Hookit Flexible Foam Abrasive Disc P2000 6in 80pk,52.99,39.99,,4
MMM33550,3M,Abrasives & Sanding,3M Hookit Flexible Foam Abrasive Disc P800 3in 80pk,39.99,29.99,,4
MMM33551,3M,Abrasives & Sanding,3M Hookit Flexible Foam Abrasive Disc P1000 3in 80pk,39.99,29.99,,4
MMM33552,3M,Abrasives & Sanding,3M Hookit Flexible Foam Abrasive Disc P1200 3in 80pk,39.99,29.99,,4
MMM33553,3M,Abrasives & Sanding,3M Hookit Flexible Foam Abrasive Disc P1500 3in 80pk,39.99,29.99,,4
MMM33554,3M,Abrasives & Sanding,3M Hookit Flexible Foam Abrasive Disc P2000 3in 80pk,39.99,29.99,,4
MMM34440,3M,Abrasives & Sanding,3M Cubitron II Hookit Sanding Roll P40 70mm,69.99,52.99,,5
MMM34442,3M,Abrasives & Sanding,3M Cubitron II Hookit Sanding Roll P80 70mm,69.99,49.99,,5
MMM34444,3M,Abrasives & Sanding,3M Cubitron II Hookit Sanding Roll P120 70mm,69.99,39.99,,5
MMM34445,3M,Abrasives & Sanding,3M Cubitron II Hookit Sanding Roll P150 70mm,69.99,39.99,,5
MMM34446,3M,Abrasives & Sanding,3M Cubitron II Hookit Sanding Roll P180 70mm,69.99,39.99,,5
MMM34447,3M,Abrasives & Sanding,3M Cubitron II Hookit Sanding Roll P220 70mm,69.99,39.99,,5
MMM34448,3M,Abrasives & Sanding,3M Cubitron II Hookit Sanding Roll P240 70mm,69.99,39.99,,5
MMM34449,3M,Abrasives & Sanding,3M Cubitron II Hookit Sanding Roll P320 70mm,69.99,39.99,,5
MMM34450,3M,Abrasives & Sanding,3M Cubitron II Hookit Sanding Roll P400 70mm,69.99,39.99,,5
MMM34451,3M,Abrasives & Sanding,3M Cubitron II Hookit Clean Sanding Sheet Roll,67.99,39.99,,
MMM36170,3M,Abrasives & Sanding,3M Hookit Blue Disc P40 6in,58.99,49.99,,4
MMM36172,3M,Abrasives & Sanding,3M Hookit Blue Disc P80 6in,63.99,49.99,,4
MMM36174,3M,Abrasives & Sanding,3M Hookit Blue Disc P120 6in,58.99,49.99,,4
MMM36176,3M,Abrasives & Sanding,3M Hookit Blue Disc P180 6in,58.99,49.99,,4
MMM36178,3M,Abrasives & Sanding,3M Hookit Blue Disc P240 6in,58.99,49.99,,4
MMM36180,3M,Abrasives & Sanding,3M Hookit Blue Disc P320 6in,58.99,49.99,,4
MMM36181,3M,Abrasives & Sanding,3M Hookit Blue Disc P400 6in,58.99,49.99,,4
MMM36182,3M,Abrasives & Sanding,3M Hookit Blue Disc P500 6in,58.99,49.99,,4
MMM36183,3M,Abrasives & Sanding,3M Hookit Blue Disc P600 6in,58.99,49.99,,4
MMM36184,3M,Abrasives & Sanding,3M Hookit Blue Disc P800 6in,58.99,49.99,,4
MMM36189,3M,Abrasives & Sanding,3M Hookit Blue Roll P120,58.99,49.99,,4
MMM36195,3M,Abrasives & Sanding,3M Hookit Blue Roll P320,0.00,49.99,,
MMM36196,3M,Abrasives & Sanding,3M Hookit Blue Roll P400,58.99,49.99,,4
MMM36241,3M,Abrasives & Sanding,3M Hookit Blue No Hole Disc P80 6in,58.99,49.99,,4
MMM36244,3M,Abrasives & Sanding,3M Hookit Blue No Hole Disc P180 6in,58.99,49.99,,4
MMM36247,3M,Abrasives & Sanding,3M Hookit Blue No Hole Disc P320 6in,58.99,49.99,,4
MMM36248,3M,Abrasives & Sanding,3M Hookit Blue No Hole Disc P400 6in,58.99,49.99,,4
MMM05706,3M,Polishing & Compounding,3M Perfect-It Foam Compounding Pad,63.99,29.99,,6
MMM05707,3M,Polishing & Compounding,3M Perfect-It Foam Polishing Pad,58.99,35.99,,6
MMM05708,3M,Polishing & Compounding,3M Perfect-It Ultrafine Foam Polishing Pad,58.99,39.99,,6
MMM06068,3M,Polishing & Compounding,3M Perfect-It Ultrafine Machine Polish 946mL,74.99,69.99,,6
MMM06094,3M,Polishing & Compounding,3M Perfect-It Machine Polish,85.99,69.99,,6
MMM33279,3M,Polishing & Compounding,3M Perfect-It Low Linting Wool Pad,79.99,59.99,,6
MMM36060,3M,Polishing & Compounding,3M Perfect-It EX Rubbing Compound Qt,74.99,59.99,,6
MMM01131,3M,Body Fillers & Repair,3M Platinum Plus Body FIller Ga,71.99,69.99,Buy 3 Gallons Get 1 Gallon free,4
MMM05860,3M,Body Fillers & Repair,3M Dry Guide Coat Cartridge,53.99,53.99,Buy 2 cases Get 1 Free,5
MMM04248,3M,Body Fillers & Repair,3M Super Fast Repair Adhesive 200mL,100.99,74.99,,6
MMM04240,3M,Body Fillers & Repair,3M Semi-Rigid Plastic Repair 200mL,79.99,59.99,,6
MMM04247,3M,Body Fillers & Repair,3M Super Fast Plastic Repair 200mL,90.99,69.99,,6
MMM05861,3M,Body Fillers & Repair,3M Dry Guide Coat Applicator Kit,79.99,64.99,,6
MMM05887,3M,Body Fillers & Repair,3M EZ Sand Flexible Parts Repair Adhesive,110.99,79.99,,6
MMM20382,3M,Body Fillers & Repair,3M Disposable Paper Mixing Board,37.99,29.99,,4
MMM08852,3M,Adhesives & Seam Sealers,3M Cavity Wax Plus 511 g,42.99,42.99,Buy 2 cases Get 1 Free,4
MMM08522,3M,Adhesives & Seam Sealers,3M OEM Match Epoxy Seam Sealer Beige,97.99,57.99,,6
MMM05916,3M,Adhesives & Seam Sealers,3M Welding and Spark Deflection Paper,244.99,149.99,,2
MMM05917,3M,Adhesives & Seam Sealers,3M Weld-Thru Coating II,47.99,39.99,,6
MMM07333,3M,Adhesives & Seam Sealers,3M Impact Resistant Structural Adhesive 200mL,160.99,99.99,,6
MMM08115,3M,Adhesives & Seam Sealers,3M Automix Panel Bonding Adhesive 200mL,101.99,79.99,,6
MMM08116,3M,Adhesives & Seam Sealers,3M Automix Panel Bonding Adhesive OEM 200mL,95.99,99.99,,6
MMM08217,3M,Adhesives & Seam Sealers,3M Automix Universal Adhesive 200mL,85.99,84.99,,6
MMM08308,3M,Adhesives & Seam Sealers,3M Heavy-Bodied Seam Sealer 200mL,74.99,59.99,,6
MMM08323,3M,Adhesives & Seam Sealers,3M Factory Match Seam Sealer 200mL,76.99,49.99,,6
MMM08329,3M,Adhesives & Seam Sealers,3M Controlled-Flow Seam Sealer Black 200mL,74.99,69.99,,6
MMM08360,3M,Adhesives & Seam Sealers,3M Urethane Seam Sealer White 310mL,34.99,31.99,,6
MMM08361,3M,Adhesives & Seam Sealers,3M Urethane Seam Sealer Grey 310mL,34.99,31.99,,6
MMM08524,3M,Adhesives & Seam Sealers,3M OEM Match Epoxy Seam Sealer White,97.99,57.99,,6
MMM08526,3M,Adhesives & Seam Sealers,3M OEM Match Epoxy Seam Sealer Gray,97.99,57.99,,6
MMM08528,3M,Adhesives & Seam Sealers,3M OEM Match Epoxy Seam Sealer Black,97.99,57.99,,6
MMM08609,3M,Adhesives & Seam Sealers,3M Windo-Weld Super Fast Urethane,35.99,34.99,,6
MMM08851,3M,Adhesives & Seam Sealers,3M Cavity Wax Plus Applicator Wand Kit,37.99,34.99,,1
MMM07847,3M,Masking & Surface Protection,3M Scotch-Brite Red Durable Flex Pads,37.99,37.99,Buy 2 cases Get 1 Free,3
MMM07848,3M,Masking & Surface Protection,3M Scotch-Brite Grey Durable Flex Pads,37.99,37.99,Buy 2 cases Get 1 Free,3
MMM06349,3M,Masking & Surface Protection,3M Trim & Lift Masking Tape,63.99,39.99,,12
MMM06382,3M,Masking & Surface Protection,3M Two Way Acrylic Plus Tape 1/2in,73.99,49.99,,12
MMM06383,3M,Masking & Surface Protection,3M Two Way Acrylic Plus Tape 7/8in,107.99,69.99,,12
MMM06386,3M,Masking & Surface Protection,3M Two Way Acrylic Plus Tape 1/4in,61.99,29.99,,12
MMM06652,3M,Masking & Surface Protection,3M Yellow Masking Tape 18mm,159.99,119.99,,4
MMM06654,3M,Masking & Surface Protection,3M Yellow Masking Tape 36mm,159.99,119.99,,4
MMM06656,3M,Masking & Surface Protection,3M Yellow Masking Tape 48mm,191.99,129.99,,4
MMM06718,3M,Masking & Surface Protection,3M Scotchblok Masking Paper,74.99,64.99,,
MMM06736,3M,Masking & Surface Protection,3M Scotchblock Masking Paper,74.99,64.99,,
MMM09678,3M,Masking & Surface Protection,3M Soft Edge 1/2in Foam Masking Tape,91.99,89.99,,4
MMM26334,3M,Masking & Surface Protection,3M Scotch Green Masking Tape 3/4in,244.99,169.99,,
MMM26338,3M,Masking & Surface Protection,3M Scotch Green Masking Tape 1 1/2in,138.99,99.99,,
MMM26340,3M,Masking & Surface Protection,3M Scotch Green Masking Tape 2in,138.99,99.99,,
MMM36852,3M,Masking & Surface Protection,3M Dirt Trap Protection Material 28in,668.99,499.99,,1
MMM26689,3M,Spray Guns & PPS Systems,3M High Power Spray Gun Cleaner,16.99,16.99,Buy 2 cases Get 1 Free,6
MMM26114,3M,Spray Guns & PPS Systems,3M PPS 2.0 Mini Kit,159.99,99.99,,4
MMM26112,3M,Spray Guns & PPS Systems,3M PPS 2.0 Kit,175.99,109.99,,4
MMM08194,3M,Spray Guns & PPS Systems,3M Static Mix Nozzles,148.99,109.99,,3
MMM26000,3M,Spray Guns & PPS Systems,3M PPS Series 2.0 Standard,169.99,119.99,,3
MMM26024,3M,Spray Guns & PPS Systems,3M PPS Spray Cup Large,175.99,124.99,,3
MMM26301,3M,Spray Guns & PPS Systems,3M PPS 2.0 Medium Lids & Liners,169.99,119.99,,4
MMM26312,3M,Spray Guns & PPS Systems,3M PPS 2.0 Midi Lids & Liners,159.99,99.99,,4
MMM26314,3M,Spray Guns & PPS Systems,3M PPS 2.0 Mini Lids & Liners,159.99,99.99,,4
MMM26325,3M,Spray Guns & PPS Systems,3M PPS 2.0 Large Lids & Liners,191.99,129.99,,4
MMM26712,3M,Spray Guns & PPS Systems,3M HVLP Atomizing Head Refill Kit 1.2,53.99,49.99,,2
MMM26713,3M,Spray Guns & PPS Systems,3M HVLP Atomizing Head Refill Kit 1.3,53.99,49.99,,2
MMM26714,3M,Spray Guns & PPS Systems,3M HVLP Atomizing Head Refill Kit 1.4,53.99,49.99,,2
MMM26716,3M,Spray Guns & PPS Systems,3M HVLP Atomizing Head Refill Kit 1.6,53.99,49.99,,2
MMM26718,3M,Spray Guns & PPS Systems,3M HVLP Atomizing Head Refill Kit 1.8,53.99,49.99,,2
MMM26720,3M,Spray Guns & PPS Systems,3M HVLP Atomizing Head Refill Kit 2.0,58.99,49.99,,2
MMM26832,3M,Spray Guns & PPS Systems,3M Performance Spray Gun,488.99,399.99,,1
MMM26912,3M,Spray Guns & PPS Systems,3M Fine Finishing Atomizing Head 1.2,53.99,49.99,,2
MMM26913,3M,Spray Guns & PPS Systems,3M Fine Finishing Atomizing Head 1.3,53.99,49.99,,2
MMM26914,3M,Spray Guns & PPS Systems,3M Fine Finishing Atomizing Head 1.4,53.99,49.99,,2
MMM26916,3M,Spray Guns & PPS Systems,3M Fine Finishing Atomizing Head 1.6,53.99,49.99,,2
MMM26918,3M,Spray Guns & PPS Systems,3M Fine Finishing Atomizing Head 1.8,53.99,49.99,,2
MMM33992,3M,Spray Guns & PPS Systems,3M OEM Match Wing Nozzle 1K Tip,58.99,39.99,,2
MMM33997,3M,Spray Guns & PPS Systems,3M OEM Match Wing Nozzle 2K Tip,62.99,39.99,,2
MMM26163,3M,Spray Guns & PPS Systems,3M PPS 2.0 Vented Cups Standard,201.99,69.99,,2
MMM26164,3M,Spray Guns & PPS Systems,3M PPS 2.0 Vented Large Cups,201.99,89.99,,2
MMM04274,3M,Other 3M Products,3M Dampening Material 200mL,90.99,69.99,,6
MMM06724,3M,Other 3M Products,3M Plastic Sheeting 16x350ft,58.99,33.99,,5
MMM08458,3M,Other 3M Products,3M Rigid Pillar Foam 200mL,85.99,74.99,,6
MMM08463,3M,Other 3M Products,3M Flexible Foam 200mL,85.99,74.99,,6
MMM08889,3M,Other 3M Products,3M Rocker Panel Coating Grey,37.99,34.99,,6
MMM31180,3M,Other 3M Products,3M Platinum Plus Glaze 30oz,74.99,49.99,,6
MMM33991,3M,Other 3M Products,3M OEM Match Sprayable 1K Tip,58.99,39.99,,2
MMM33993,3M,Other 3M Products,3M OEM Match Wide Stream 1K Tip,58.99,39.99,,2
MMM33994,3M,Other 3M Products,3M OEM Match Ripple Tip 1K Tip,58.99,39.99,,2
MMM33995,3M,Other 3M Products,3M OEM Match Adjustable Ripple Tip 2K,62.99,39.99,,2
MMM33996,3M,Other 3M Products,3M OEM Match Sprayable 2K Tip,62.99,39.99,,2
MMM33998,3M,Other 3M Products,3M OEM Match Wide Stream 2K Tip,62.99,39.99,,2
SEM29362,SEM,Seam Sealers,SEM 1K SEAM SEALER - WHITE,30.99,27.99,,
SEM29372,SEM,Seam Sealers,SEM 1K SEAM SEALER - GRAY,30.99,27.99,,
SEM29382,SEM,Seam Sealers,SEM 1K SEAM SEALER - BEIGE,30.99,27.99,,
SEM29392,SEM,Seam Sealers,SEM 1K SEAM SEALER - BLACK,30.99,27.99,,
SEM29462,SEM,Seam Sealers,SEM 2-IN-1 SEAM SEALER - WHITE,34.99,29.99,,
SEM29472,SEM,Seam Sealers,SEM 2-IN-1 SEAM SEALER - GRAY,34.99,29.99,,
SEM29482,SEM,Seam Sealers,SEM 2-IN-1 SEAM SEALER - BEIGE,34.99,29.99,,
SEM29492,SEM,Seam Sealers,SEM 2-IN-1 SEAM SEALER - BLACK,34.99,29.99,,
SEM39673,SEM,Primers & Coatings,SEM SELF ETCHING PRIMER - BLACK,37.99,29.99,,
SEM39683,SEM,Primers & Coatings,SEM SELF ETCHING PRIMER - GRAY,37.99,29.99,,
SEM39853,SEM,Primers & Coatings,SEM TEXTURE COATING,39.99,39.99,,
SEM40773,SEM,Primers & Coatings,SEM ZINCWELD,39.99,34.99,,
SEM39143,SEM,Color Coat & Trim,SEM TRIM BLACK,24.99,19.99,,
SEM39144-LV,SEM,Color Coat & Trim,SEM LOW VOC TRIM BLACK,87.99,69.99,,
SEM39863,SEM,Color Coat & Trim,SEM PLASTIC ADHESION PROMOTER,45.99,39.99,,
SEM40561,SEM,Body Fillers & Glazes,SEM Powder Pro Ultra Lightweight Body Filler,99.99,79.99,,
SEM39592,SEM,Body Fillers & Glazes,SEM METAL BITE FINISHING GLAZE (W/HARDENER),66.99,54.99,,
SEM40482,SEM,Body Fillers & Glazes,SEM BUMPER BITE FLEXIBLE GLAZE (W/HARDENER),55.99,44.99,,
SA6080,SEM,Abrasives,"""SEM 6"""" Grip Multihole 80, 50 Discs/Box""",67.99,59.99,,
SA6120,SEM,Abrasives,"""SEM 6"""" Grip Multihole 120, 50 Discs/Box""",69.99,49.99,,
SA6180,SEM,Abrasives,"""SEM 6"""" Grip Multihole 180, 50 Discs/Box""",69.99,49.99,,
SA6240,SEM,Abrasives,"""SEM 6"""" Grip Multihole 240, 50 Discs/Box""",69.99,49.99,,
SA6320,SEM,Abrasives,"""SEM 6"""" Grip Multihole 320, 50 Discs/Box""",69.99,49.99,,
SA6400,SEM,Abrasives,"""SEM 6"""" Grip Multihole 400, 50 Discs/Box""",69.99,49.99,,
SA6600,SEM,Abrasives,"""SEM 6"""" Grip Multihole 600, 50 Discs/Box""",69.99,49.99,,
SA6800,SEM,Abrasives,"""SEM 6"""" Grip Multihole 800, 50 Discs/Box""",69.99,49.99,,
SA26080,SEM,Abrasives,SEM AVS 6in 150mm Grip P80,69.99,44.99,,
SA21080,SEM,Abrasives,SEM AVS 2.75in x 33.5f Perf-Roll Grip Multihole P80,49.99,34.99,,
SA21120,SEM,Abrasives,SEM AVS 2.75in x 33.5f Perf-Roll Grip Multihole P120,44.99,29.99,,
SA21180,SEM,Abrasives,SEM AVS 2.75in x 33.5f Perf-Roll Grip Multihole P180,44.99,29.99,,
SA21240,SEM,Abrasives,SEM AVS 2.75in x 33.5f Perf-Roll Grip Multihole P240,44.99,29.99,,
SA21320,SEM,Abrasives,SEM AVS 2.75in x 33.5f Perf-Roll Grip Multihole P320,44.99,29.99,,
SA21400,SEM,Abrasives,SEM AVS 2.75in x 33.5f Perf-Roll Grip Multihole P400,44.99,29.99,,
SA1080,SEM,Abrasives,SEM Perf-Roll Grip Sandapaper Purple Roll P80,49.99,39.99,,
SA1120,SEM,Abrasives,SEM Perf-Roll Grip Sandapaper Purple Roll P120,39.99,34.99,,
SA1180,SEM,Abrasives,SEM Perf-Roll Grip Sandapaper Purple Roll P180,39.99,34.99,,
SA1240,SEM,Abrasives,SEM Perf-Roll Grip Sandapaper Purple Roll P240,39.99,34.99,,
SA1320,SEM,Abrasives,SEM Perf-Roll Grip Sandapaper Purple Roll P320,39.99,34.99,,
SA1400,SEM,Abrasives,SEM Perf-Roll Grip Sandapaper Purple Roll P800,39.99,34.99,,
SEM56650,SEM,Other SEM,SEM GLADIATOR XC BLACK KIT,243.99,199.99,,
SEM56670,SEM,Other SEM,SEM GLADIATOR XC TINTABLE KIT,243.99,199.99,,
SEM61993,SEM,Other SEM,SEM CUSTOM FILL AEROSOL BLANK,60.00,24.99,,
SEM62213,SEM,Other SEM,SEM EZ COAT - BLACK,30.99,24.99,,
SEM62223,SEM,Other SEM,SEM EZ COAT - OLIVE GREEN,30.99,24.99,,
SEM62233,SEM,Other SEM,SEM EZ COAT - LIGHT GREEN,24.99,24.99,,
SEM62243,SEM,Other SEM,SEM EZ COAT - GRAY,30.99,24.99,,
SEM62253,SEM,Other SEM,SEM EZ COAT - TAN,30.99,24.99,,
SEM62263,SEM,Other SEM,SEM EZ COAT - OLIVE BROWN,30.99,24.99,,
SEM62273,SEM,Other SEM,SEM EZ COAT - WHITE,30.99,24.99,,
SEM62283,SEM,Other SEM,SEM EZ COAT - FIELD DRAB,30.99,24.99,,
SEM62293,SEM,Other SEM,SEM EZ COAT - DARK GREEN,24.99,24.99,,
SEM77763,SEM,Other SEM,SEM XXX UNIVERSAL GUN CLEANER,15.99,12.99,,
SA26120,SEM,Other SEM,SEM AVS 6in 150mm P120,49.99,39.99,,
SA26180,SEM,Other SEM,SEM AVS 6in 150mm P180,49.99,39.99,,
SA26240,SEM,Other SEM,SEM AVS 6in 150mm P240,49.99,39.99,,
SA26320,SEM,Other SEM,SEM AVS 6in 150mm P320,49.99,39.99,,
SA26400,SEM,Other SEM,SEM AVS 6in 150mm P400,49.99,39.99,,
SA26600,SEM,Other SEM,SEM AVS 6in 150mm P600,49.99,39.99,,
SA26800,SEM,Other SEM,SEM AVS 6in 150mm P800,49.99,39.99,,
EC520,PPG,Clearcoats,EHP High Production Clearcoat Ga,816.20,408.10,,2
EC530,PPG,Clearcoats,EHP Performance Clearcoat Ga,816.20,408.10,,2
EC550,PPG,Clearcoats,EHP Ultra Gloss Clearcoat Ga,816.20,408.10,,2
EC5515,PPG,Clearcoats,EHP Low VOC Matte Clearcoat Qt,424.82,212.41,,2
EC5517,PPG,Clearcoats,EHP Low VOC Semi-Gloss Clearcoat Qt,424.82,212.41,,2
EC800,PPG,Clearcoats,EHP Ultra Fast 2.1 Clearcoat Ga,772.22,386.11,,2
ECH5075,PPG,Clearcoats,EHP Standard Clearcoat Hardener Qt,236.78,118.39,,6
ECH8075,PPG,Clearcoats,EHP Clearcoat Hardener Qt,236.78,118.39,,6
JC7200/01,PPG,Clearcoats,Shop-Line 2.1 VOC HS European Clearcoat Ga,225.48,112.74,,2
JC830,PPG,Clearcoats,Shop-Line 2.1 VOC Production Clear Ga,210.58,105.29,,2
SCA400,PPG,Clearcoats,OneChoice Cut-in Clear Dz,46.40,27.84,,6
ECP35,PPG,Primers & Sealers,EHP High Production Surfacer 2.1VOC Ga,694.41,347.20,,2
ECR65,PPG,Primers & Sealers,EHP High Production Surfacer 2.1VOC Ga,220.35,110.17,,2
ECS21,PPG,Primers & Sealers,EHP A-Chromatic 2.1VOC Sealer White Ga,683.88,341.94,,2
ECS25,PPG,Primers & Sealers,EHP A-Chromatic 2.1VOC Sealer Gray Ga,683.88,341.94,,2
ECS27,PPG,Primers & Sealers,EHP A-Chromatic 2.1VOC Sealer Black Ga,683.88,341.94,,2
JH358,PPG,Primers & Sealers,Shop-Line Multi-Purpose Primer Hardener L,119.74,59.87,,6
JP354,PPG,Primers & Sealers,Shop-Line 2.1 VOC White Primer Qt,62.16,31.08,,6
JP355,PPG,Primers & Sealers,Shop-Line 2.1 VOC Gray Primer Ga,221.84,110.92,,2
JP356,PPG,Primers & Sealers,Shop-Line 2.1 VOC Black Primer Qt,62.16,31.08,,6
JP361,PPG,Primers & Sealers,Shop-Line Urethane Sealer White Qt,83.12,41.56,,6
JP365,PPG,Primers & Sealers,Shop-Line Urethane Sealer Gray Ga,299.62,149.81,,2
JP367,PPG,Primers & Sealers,Shop-Line Urethane Sealer Gray Qt,83.12,41.56,,6
JP390,PPG,Primers & Sealers,Shop-Line Epoxy Primer Gray Qt,69.98,34.99,,6
SUA1045,PPG,Primers & Sealers,OneChoice 1K Aerosol Primer Surfacer - Gray,56.77,34.06,,6
SX1071,PPG,Primers & Sealers,OneChoice Etch Primer Qt,158.87,95.32,,6
SX1072,PPG,Primers & Sealers,OneChoice Etch Primer Catalyst Qt,137.66,82.60,,6
SXA1031,PPG,Primers & Sealers,OneChoice Etch Primer Gray Dz,47.85,28.71,,6
SXA1081,PPG,Primers & Sealers,OneChoice UV Primer Cleaner Aerosol,57.61,34.57,,6
ECA83,PPG,Hardeners & Reducers,EHP Accelerated Reducer Standard Qt,162.59,81.30,,6
ECR75,PPG,Hardeners & Reducers,EHP Mid Temp Reducer Ga,220.35,110.17,,2
ECR85,PPG,Hardeners & Reducers,EHP High Temp Reducer Ga,220.35,110.17,,2
ECR98,PPG,Hardeners & Reducers,EHP Hot & Humid Reducer Qt,58.27,29.14,,6
EH391,PPG,Hardeners & Reducers,EHP Standard Undercoat Hardener Qt,297.43,148.72,,6
JH6028,PPG,Hardeners & Reducers,Shop-Line Low VOC Hardener Qt,186.52,93.26,,6
JH8370,PPG,Hardeners & Reducers,Shop-Line Low Temp Hardener Qt,94.02,47.01,,6
JH8380,PPG,Hardeners & Reducers,Shop-Line Medium Temp Hardener Qt,94.02,47.01,,6
JH8390,PPG,Hardeners & Reducers,Shop-Line High Temp Hardener Qt,94.02,47.01,,6
JR554,PPG,Hardeners & Reducers,Shop-Line Low VOC Fast Reducer Ga,121.64,60.82,,2
JR555,PPG,Hardeners & Reducers,Shop-Line Low VOC Medium Reducer Ga,166.22,83.11,,2
JR556,PPG,Hardeners & Reducers,Shop-Line Low VOC Slow Reducer Ga,170.98,85.49,,2
SC310/01,PPG,Hardeners & Reducers,Shop-Line Low VOC Slow Reducer Ga,99.99,74.99,,2
SH311/04,PPG,Hardeners & Reducers,PPG Super Value Fast Hardener,54.99,41.24,,2
SH312/04,PPG,Hardeners & Reducers,PPG Super Value Slow Hardener,54.99,41.24,,2
AL84-0314,PPG,Shop Supplies,PPG Single Edge Razor Blades 100/pk,9.49,4.99,,10
BLUEPSL,PPG,Shop Supplies,PPG Blue Paint Suit Large,70.20,49.99,,3
BLUEPSM,PPG,Shop Supplies,PPG Blue Paint Suit Medium,70.20,49.99,,3
BLUEPSS,PPG,Shop Supplies,PPG Blue Paint Suit Small,70.20,49.99,,3
BLUEPSXL,PPG,Shop Supplies,PPG Blue Paint Suit X-Large,70.20,49.99,,3
BLUEPSXXL,PPG,Shop Supplies,PPG Blue Paint Suit XX-Large,70.20,49.99,,3
DOX112,PPG,Shop Supplies,PPG Disposable Mixing Sticks (500/bx),79.99,54.99,,2
DOX113,PPG,Shop Supplies,PPG Paint Filters,28.85,19.99,,4
DOX249,PPG,Shop Supplies,PPG 8oz Mixing Cups 100/box,58.85,39.99,,2
DOX251,PPG,Shop Supplies,PPG 32Oz Mixing Cups,69.69,49.99,,4
DOX251L,PPG,Shop Supplies,PPG Lids -32OZ For Mixing Cups,46.48,34.99,,2
DOX273,PPG,Shop Supplies,PPG 85oz Mixing Cups 50/box,70.28,49.99,,2
DOX273L,PPG,Shop Supplies,PPG Lids For 85oz Cups,25.81,19.99,,2
VRW100,PPG,Shop Supplies,PGG Crash Wrap,123.02,89.99,,2
WMP2412,PPG,Shop Supplies,PPG White Masking Paper 12 x 750,111.51,79.99,,4
WMP2418,PPG,Shop Supplies,PPG White Masking Paper 18 x 750 2/PK,111.51,79.99,,4
WMP2436,PPG,Shop Supplies,PPG White Masking Paper 34.50 x 750,111.51,79.99,,4
WMP246,PPG,Shop Supplies,PPG White Masking Paper 6 x750,111.51,79.99,,4
EPW115,PPG,Specialty Products,2L WB SPEED PRIME GRAY,345.78,172.89,,2
JH7210/04,PPG,Specialty Products,Shop-Line 2.1VOC European Activator Fast Qt,108.22,54.11,,6
JH7220/04,PPG,Specialty Products,Shop-Line 2.1VOC European Activator Slow Qt,108.22,54.11,,6
JH7230/04,PPG,Specialty Products,Shop-Line 2.1 VOC European Activator Extra Slow Qt,108.22,54.11,,6
SL93LV,PPG,Specialty Products,OneChoice Low VOC Accelerator,132.19,79.31,,6
SLV4985,PPG,Specialty Products,OneChoice Universal Flattening Agent Qt,242.46,145.48,,6
SLV73,PPG,Specialty Products,OneChoice Fish Eye Eliminator Pt,111.23,66.74,,6
SLV814,PPG,Specialty Products,OneChoice Universal Flexibilizer LV,183.57,110.14,,6
SLV840,PPG,Specialty Products,OneChoice Uniform Finish Blender L,102.86,61.72,,6
SU470LV/04,PPG,Specialty Products,OneChoice 1K Compliant Adhesion Promoter Qt,100.15,60.09,,6
SU481LV,PPG,Specialty Products,OneChoice ADPRO Max White Qt,189.73,113.84,,2
SU485LV,PPG,Specialty Products,OneChoice ADPRO Max Gray Qt,189.73,113.84,,2
SU487LV,PPG,Specialty Products,OneChoice ADPRO Max Dark Gray Qt,189.73,113.84,,2
SU4901,PPG,Specialty Products,OneChoice Clean and Scuff Sponge 6z,27.37,16.42,,5
SU4902,PPG,Specialty Products,OneChoice Plastic Adhesion Wipe 2z,28.99,17.39,,5
SU4903,PPG,Specialty Products,OneChoice Plastic Adhesion Promoter Qt,160.82,96.49,,6
SUA470LV,PPG,Specialty Products,OneChoice Compliant Adhesion Promoter Aerosol,68.32,40.99,,6
SWX100,PPG,Specialty Products,OneChoice Waterborne Gun Cleaner 5Ga,106.09,63.65,,1
SWX350,PPG,Specialty Products,OneChoice Waterborne Precleaner Ga,109.85,65.91,,4
SX103,PPG,Specialty Products,OneChoice Multi-Prep Ga,153.70,92.22,,4
SX2070,PPG,Specialty Products,OneChoice Blue Tack Rag,49.38,29.63,,5
SX330,PPG,Specialty Products,OneChoice Wax And Grease Remover Ga,134.80,80.88,,4
SXA1050,PPG,Specialty Products,OneChoice Plastic Adhesion Promoter Aerosol,77.98,46.79,,6
SXA840,PPG,Specialty Products,OneChoice Aerosol Uniform Finish Blender,40.29,24.17,,6
T4900,PPG,Specialty Products,EHP OneVisit Modifier ST 2L,1509.78,754.89,,1
T4910,PPG,Specialty Products,EHP OneVisit Modifier HD 2L,1509.78,754.89,,1
VWM5556,PPG,Specialty Products,Vibrance Waterbourne Midcoat L,265.74,132.87,,1
DOX125,PPG,Specialty Products,PPG Waterborne Strainers,31.22,24.99,,8
NOR00402,Norton,Masking Paper,"Masking Paper 6"" X 750 white",101.99,79.99,,3
NOR00403,Norton,Masking Paper,Norton 12in Masking Paper,101.99,79.99,,3
NOR00404,Norton,Masking Paper,Norton 18in Masking Paper,101.99,79.99,,3
NOR00407,Norton,Masking Paper,"Norton 36"" Masking Paper",102.99,79.99,,3
NOR04615,Norton,Adhesives & Sealers,Norton SpeedGrip Urethane Structural Adhesive 1min,90.99,59.99,,6
NOR04616,Norton,Adhesives & Sealers,Norton SpeedGrip Urethane Structural Adhesive 5min,90.99,59.99,,6
NOR04647,Norton,Adhesives & Sealers,Norton SpeedGrip Urethane Structural Adhesive 45sec,90.99,59.99,,6
NOR06398,Norton,Adhesives & Sealers,Norton Bare Metal Epoxy Seam Sealer,70.99,54.99,,6
NOR06402,Norton,Adhesives & Sealers,Norton Control Flow Epoxy Seam Sealer,67.99,49.99,,6
NOR06412,Norton,Adhesives & Sealers,Norton Epoxy Repair Adhesive Filler,83.99,59.99,,6
NOR06418,Norton,Adhesives & Sealers,Norton Epoxy Panel Adhesive 30min,79.99,59.99,,6
NOR06421,Norton,Adhesives & Sealers,Norton SpeedGrip Epoxy Plastic Repair 90min,79.99,69.99,,6
NOR06427,Norton,Adhesives & Sealers,Norton SpeedGrip 90min Impact Structure,101.99,79.99,,6
NOR97120,Norton,Adhesives & Sealers,Norton Epoxy Seam Sealer,69.99,49.99,,6
NOR97121,Norton,Adhesives & Sealers,Norton SelfLeveling Seam Sealer,69.99,59.99,,6
NOR06166,Norton,Scuff Pads,Norton Maroon Thin Pads,33.99,19.99,,4
NOR06167,Norton,Scuff Pads,Norton Grey Thin Scuff Pads,33.99,19.99,,4
NOR34771,Norton,Scuff Pads,Norton Bear-Tex 6in Grey Scuff Disc,40.99,27.99,,4
NOR34770,Norton,Scuff Pads,Norton Bear-Tex 6in Maroon Scuff Disc,40.99,27.99,,4
NOR06225,Norton,Abrasives,Norton 6in Gold P240,22.99,19.99,,4
NOR06226,Norton,Abrasives,Norton 6in Gold P800,22.99,19.99,,4
NOR06227,Norton,Abrasives,Norton 6in Gold P600,22.99,19.99,,4
NOR06228,Norton,Abrasives,Norton 6in Gold P500,22.99,19.99,,4
NOR06229,Norton,Abrasives,Norton 6in Gold P400,22.99,19.99,,4
NOR06230,Norton,Abrasives,Norton 6in Gold P320,22.99,19.99,,4
NOR06232,Norton,Abrasives,Norton 6in Gold P180,22.99,19.99,,4
NOR06234,Norton,Abrasives,Norton 6in Gold P120,22.99,19.99,,4
NOR06236,Norton,Abrasives,Norton 6in Gold P80,27.49,24.99,,4
NOR42082,Norton,Other Norton,Norton LiquidIce Clean-Up Detailer Spray,35.99,27.99,,4
MSX134,Equipment,,MAXXAIR S Series AC R134,10289.99,8574.99,,1
MSX3030,Equipment,,MAXXAIR S Series AC R134A/R1234,16019.99,13349.99,,1
MSX1234,Equipment,,MAXXAIR S SERIES R1234,13649.99,11374.99,,1
MSX390100,Equipment,,MAXXAIR SpotGunJr Starter Kit,236.89,205.99,,1
MSX390200,Equipment,,MAXXAIR SpotGunJr Master Kit,298.99,259.99,,1
MSX490100,Equipment,,MAXXAIR Starter Kit,201.24,174.99,,1
MSX490200,Equipment,,MAXXAIR Master Kit,246.09,213.99,,1
MSX488046PB,Equipment,,MAXXAIR PAG 46 Oil,21.72,18.89,,1
MSX488046PBD,Equipment,,MAXXAIR PAG 46 Oil with AC ExtenDye,15.32,13.32,,1
MSX488100PBD,Equipment,,MAXXAIR PAG 100 Oil with AC ExtenDye,20.17,17.54,,1
MSX488016E,Equipment,,MAXXAIR Universal Ester Oil w Dye w eBOOST,35.45,30.83,,1
MSX488016P,Equipment,,MAXXAIR Universal PAG Oil w Dye w eBOOST,26.00,22.61,,1
MSXFXP2,Equipment,,MAXXAIR FX Series Kits,1228.23,1068.03,,1
MSXFX3030X1,Equipment,,MAXXAIR Filter Maintenance Kit,269.01,233.92,,1
RBNLD3,Equipment,,RobinAir LD3 Refrigerant Leak Detector Economy,536.73,479.22,,1
RBNLD5,Equipment,,RobinAir LD5 Refrigerant Leak Detector Select,742.29,662.76,,1
RBNLD7,Equipment,,RobinAir LD7 Refrigerant Leak Detector Premium,799.41,713.76,,1
RBNLD9-TG,Equipment,,RobinAir LD9 Tracer Gas Leak Detector,797.81,712.33,,1
RBNLD9-TGKIT,Equipment,,RobinAir LD9 Tracer Gas Leak Detector Kit,1578.86,1409.70,,1
RBN34288NI,Equipment,,RobinAir Basic 134a Refrigerant,7674.84,6852.54,,1
RBN34788NI,Equipment,,RobinAir Multi-Vehicle 134a Refrigerant,9273.75,8280.13,,1
RBN34788NI-H,Equipment,,RobinAir Hybrid EV 134a Refrigerant,9273.75,8280.13,,1
RBN34998,Equipment,,RobinAir Wi-Fi Bluetooth 134a Refrigerant,13191.19,11777.85,,1
RBNAC1234-4,Equipment,,RobinAir Basic 1234yf Refrigerant,12365.07,11040.24,,1
RBNAC1234-4SL,Equipment,,RobinAir Mobile 1234yf Refrigerant,13169.95,11758.88,,1
RBNAC1234-9,Equipment,,RobinAir Wi-Fi Bluetooth 1234yf Refrigerant,14177.71,12658.67,,1
BSHDAS3000-3,Equipment,,Bosch DAS3000-3 ADAS System,57622.72,42683.50,,1
STG030420,Equipment,,StrongArm 3-1/2 Ton Service Jack w 4-Ton Vehicle Stand,712.80,636.43,,1
FRE1234YF-200,Equipment,,Freon OPTEON YF 10LB SRC WFR,800.00,620.99,,1
SUVA134A-200,Equipment,,FREON 134A AUTO 13.6KG SRC,999.00,931.99,,1
HEN1305486,Henkel,,Henkel Teroson Flatstream Nozzles,20.99,14.99,,3
HEN1470999,Henkel,,Henkel Teroson Widestream Nozzle 10pk,20.99,14.99,,3
HEN2264448,Henkel,,Henkel Loctite 4070 Universal Adhesive Kit,34.99,24.99,,10
HEN2399541,Henkel,,Henkel Teroson Door Edge Nozzle,20.99,14.99,,3
HEN2399908,Henkel,,Henkel Teroson T2 Flat Nozzles,20.99,14.99,,3
HEN2399909,Henkel,,Henkel Teroson Standard Nozzle,20.99,14.99,,3
HEN2469715,Henkel,,Henkel Teroson WT S3000 Stonechip Protection Compound,63.99,39.99,,3
HEN2568797,Henkel,,Henkel Teroson MS 222 Anti-Flutter Material,44.99,29.99,,3
HEN2568817,Henkel,,Henkel Teroson MS 9120 SF - White,37.99,24.99,,12
HEN2568818,Henkel,,Henkel Teroson MS 9320 SF - Grey,37.99,24.99,,12
HEN2568820,Henkel,,Henkel Teroson MS 9120 SF - Grey,37.99,24.99,,12
HEN2619275,Henkel,,Henkel Teroson MS 9320 SF - Ochre,37.99,24.99,,12
HEN2816502,Henkel,,Henkel Teroson EP 5055 SB Panel Bond Adhesive,91.99,49.99,,4
HEN2820041,Henkel,,Henkel Teroson MS 9320 SF - Black,37.99,24.99,,12
HEN1434516,Henkel,,Henkel Loctite Replacement Nozzles,7.99,5.99,,3
HEN1585815,Henkel,,Henkel Teroson ET UBC Gun,60.99,54.99,,1
CPM118,Q1,,"Q1 Car Plus Masking Tape 18mm (3/4"")",75.00,65.00,,3
CPM136.55,Q1,,"Q1 Car Plus Masking Tape 36mm (1 1/2"")",75.00,65.00,,3
CHC590248-5,Rexall,,Premium Solvent Cleaner,75.00,49.99,,3
CHC590266-5,Rexall,,Professional Solvent Cleaner,59.99,39.99,,3
CHC590269-5,Rexall,,Wax and Grease Remover 5Ga,135.99,79.99,,3
CHC590353-5,Rexall,,Final Wash 5Ga,99.99,79.99,,3
MTN0002,Rexall,,Montana Stone Shield 400ml,13.49,9.99,,6
MTN0901,Rexall,,Montana Matte Black 400ml,12.49,7.99,,6
MTN0903,Rexall,,Montana Satin Black 400ml,12.49,7.99,,6
MTN0908,Rexall,,Montana Gloss Acrylic 400ml,15.49,11.99,,
MTN0954,Rexall,,Montana Grey Primer 5n1 400ml,15.49,11.99,,6
MTN1041,Rexall,,Montana Texturized Bumper Paint Black 400ml,16.99,11.99,,6
MTN9010,Rexall,,Montana Gloss White 400ml,12.49,7.99,,6
MTN9011,Rexall,,Montana Gloss Black 400ml,12.49,7.99,,6
SCA121202,Tork,,"8.25""x 600"" M-Torq 6/pkg",65.00,49.99,,1
SCA192480,Tork,,Specialist Cloth Top Pack,159.99,119.99,,1
DN106-L,Wipeco,,WIPECO 6 Mil Nitrile Gloves L 100/BX,15.00,8.99,,10
DN106-M,Wipeco,,WIPECO 6 Mil Nitrile Gloves M 100/Bx,15.00,8.99,,10
DN106-XL,Wipeco,,WIPECO 6 Mil Nitrile Gloves XL 100/Bx,15.00,8.99,,10
DN850BKEC-L,Wipeco,,WIPECO 8 Mil Nitrile Gloves L 50/Bx,15.00,6.99,,10
DN850BKEC-XL,Wipeco,,WIPECO 8 Mil Nitrile Gloves XL 50/Bx,15.00,6.99,,10
DN850BKEC-M,Wipeco,,WIPECO 8 Mil Nitrile Gloves M 50/Bx,15.00,6.99,,10
